Run,Assay Type,AvgSpotLen,Bases,BioProject,BioSample,Bytes,Cell_type,Center Name,ChIP_antibody,Consent,DATASTORE filetype,DATASTORE provider,DATASTORE region,Experiment,GEO_Accession (exp),Instrument,LibraryLayout,LibrarySelection,LibrarySource,Organism,Platform,ReleaseDate,create_date,version,Sample Name,source_name,SRA Study,Strain
SRR2035213,ChIP-Seq,50,2812030100,PRJNA284539,SAMN03703234,1760118429,"ES derived Hemangioblasts (Bry.GFP+\, FLK1+)",GEO,Cebpb Santa Cruz sc150,public,"sra,run.zq,fastq","ncbi,s3,gs","s3.us-east-1,ncbi.public,gs.US",SRX1035382,GSM1692840,Illumina HiSeq 2000,SINGLE,ChIP,GENOMIC,Mus musculus,ILLUMINA,2016-02-26T00:00:00Z,2015-05-21T11:26:00Z,1,GSM1692840,Hemangioblast,SRP058578,129
SRR2035214,ChIP-Seq,40,2241967120,PRJNA284539,SAMN03703235,1495070848,"ES derived Hemangioblasts (Bry.GFP+\, FLK1+)",GEO,Gata2 Santa Cruz sc267,public,"fastq,run.zq,sra","gs,ncbi,s3","gs.US,s3.us-east-1,ncbi.public",SRX1035383,GSM1692841,Illumina HiSeq 2000,SINGLE,ChIP,GENOMIC,Mus musculus,ILLUMINA,2016-02-26T00:00:00Z,2015-05-21T11:26:00Z,1,GSM1692841,Hemangioblast,SRP058578,129
SRR2035215,ChIP-Seq,40,1127740440,PRJNA284539,SAMN03703235,655990115,"ES derived Hemangioblasts (Bry.GFP+\, FLK1+)",GEO,Gata2 Santa Cruz sc267,public,"fastq,run.zq,sra","ncbi,gs,s3","ncbi.public,s3.us-east-1,gs.US",SRX1035383,GSM1692841,Illumina HiSeq 2000,SINGLE,ChIP,GENOMIC,Mus musculus,ILLUMINA,2016-02-26T00:00:00Z,2015-05-21T11:20:00Z,1,GSM1692841,Hemangioblast,SRP058578,129
SRR2035216,ChIP-Seq,40,1172316520,PRJNA284539,SAMN03703235,660488399,"ES derived Hemangioblasts (Bry.GFP+\, FLK1+)",GEO,Gata2 Santa Cruz sc267,public,"fastq,run.zq,sra","ncbi,s3,gs","ncbi.public,gs.US,s3.us-east-1",SRX1035383,GSM1692841,Illumina HiSeq 2000,SINGLE,ChIP,GENOMIC,Mus musculus,ILLUMINA,2016-02-26T00:00:00Z,2015-05-21T11:19:00Z,1,GSM1692841,Hemangioblast,SRP058578,129
SRR2035217,ChIP-Seq,36,934771824,PRJNA284539,SAMN03703236,481053680,"ES derived Hemangioblasts (Bry.GFP+\, FLK1+)",GEO,Lmo2 R&D systems AF2726,public,"fastq,sra,run.zq","gs,s3,ncbi","ncbi.public,s3.us-east-1,gs.US",SRX1035384,GSM1692842,Illumina HiSeq 2000,SINGLE,ChIP,GENOMIC,Mus musculus,ILLUMINA,2016-02-26T00:00:00Z,2015-05-21T11:19:00Z,1,GSM1692842,Hemangioblast,SRP058578,129
SRR2035218,ChIP-Seq,40,827107960,PRJNA284539,SAMN03703236,809142758,"ES derived Hemangioblasts (Bry.GFP+\, FLK1+)",GEO,Lmo2 R&D systems AF2726,public,"fastq,sra,run.zq","ncbi,s3,gs","gs.US,ncbi.public,s3.us-east-1",SRX1035384,GSM1692842,Illumina HiSeq 2000,SINGLE,ChIP,GENOMIC,Mus musculus,ILLUMINA,2016-02-26T00:00:00Z,2015-05-21T11:21:00Z,1,GSM1692842,Hemangioblast,SRP058578,129
SRR2035219,ChIP-Seq,36,822781368,PRJNA284539,SAMN03703237,531935181,"ES derived Hemangioblasts (Bry.GFP+\, FLK1+)",GEO,Tal1 Santa Cruz sc12984,public,"sra,fastq,run.zq","ncbi,s3,gs","s3.us-east-1,ncbi.public,gs.US",SRX1035385,GSM1692843,Illumina HiSeq 2000,SINGLE,ChIP,GENOMIC,Mus musculus,ILLUMINA,2016-02-26T00:00:00Z,2015-05-21T11:19:00Z,1,GSM1692843,Hemangioblast,SRP058578,129
SRR2035220,ChIP-Seq,40,1301661920,PRJNA284539,SAMN03703237,778707350,"ES derived Hemangioblasts (Bry.GFP+\, FLK1+)",GEO,Tal1 Santa Cruz sc12984,public,"run.zq,sra,fastq","ncbi,gs,s3","s3.us-east-1,ncbi.public,gs.US",SRX1035385,GSM1692843,Illumina HiSeq 2000,SINGLE,ChIP,GENOMIC,Mus musculus,ILLUMINA,2016-02-26T00:00:00Z,2015-05-21T11:23:00Z,1,GSM1692843,Hemangioblast,SRP058578,129
SRR2035221,ChIP-Seq,40,1638916960,PRJNA284539,SAMN03703238,1056741720,"ES derived Hemogenic endothelium (Bry.GFP+\, Tie2+/Ckit+/CD41-)",GEO,Cebpb Santa Cruz sc150,public,"fastq,run.zq,sra","s3,gs,ncbi","ncbi.public,s3.us-east-1,gs.US",SRX1035386,GSM1692844,Illumina HiSeq 2000,SINGLE,ChIP,GENOMIC,Mus musculus,ILLUMINA,2016-02-26T00:00:00Z,2015-05-21T11:23:00Z,1,GSM1692844,Hemogenic Endothelium,SRP058578,129
SRR2035222,ChIP-Seq,40,555648720,PRJNA284539,SAMN03703238,334494898,"ES derived Hemogenic endothelium (Bry.GFP+\, Tie2+/Ckit+/CD41-)",GEO,Cebpb Santa Cruz sc150,public,"fastq,sra,run.zq","s3,ncbi,gs","gs.US,ncbi.public,s3.us-east-1",SRX1035386,GSM1692844,Illumina HiSeq 2000,SINGLE,ChIP,GENOMIC,Mus musculus,ILLUMINA,2016-02-26T00:00:00Z,2015-05-21T11:21:00Z,1,GSM1692844,Hemogenic Endothelium,SRP058578,129
SRR2035223,ChIP-Seq,40,610878600,PRJNA284539,SAMN03703238,356128878,"ES derived Hemogenic endothelium (Bry.GFP+\, Tie2+/Ckit+/CD41-)",GEO,Cebpb Santa Cruz sc150,public,"fastq,run.zq,sra","ncbi,s3,gs","ncbi.public,s3.us-east-1,gs.US",SRX1035386,GSM1692844,Illumina HiSeq 2000,SINGLE,ChIP,GENOMIC,Mus musculus,ILLUMINA,2016-02-26T00:00:00Z,2015-05-21T11:21:00Z,1,GSM1692844,Hemogenic Endothelium,SRP058578,129
SRR2035224,ChIP-Seq,40,1472545480,PRJNA284539,SAMN03703239,942428317,"ES derived Hemogenic endothelium (Bry.GFP+\, Tie2+/Ckit+/CD41-)",GEO,Fli1 Santa Cruz sc356,public,"run.zq,fastq,sra","gs,s3,ncbi","ncbi.public,s3.us-east-1,gs.US",SRX1035387,GSM1692845,Illumina HiSeq 2000,SINGLE,ChIP,GENOMIC,Mus musculus,ILLUMINA,2016-02-26T00:00:00Z,2015-05-21T11:23:00Z,1,GSM1692845,Hemogenic Endothelium,SRP058578,129
SRR2035225,ChIP-Seq,40,863242720,PRJNA284539,SAMN03703239,521619704,"ES derived Hemogenic endothelium (Bry.GFP+\, Tie2+/Ckit+/CD41-)",GEO,Fli1 Santa Cruz sc356,public,"run.zq,sra,fastq","gs,s3,ncbi","s3.us-east-1,ncbi.public,gs.US",SRX1035387,GSM1692845,Illumina HiSeq 2000,SINGLE,ChIP,GENOMIC,Mus musculus,ILLUMINA,2016-02-26T00:00:00Z,2015-05-21T11:22:00Z,1,GSM1692845,Hemogenic Endothelium,SRP058578,129
SRR2035226,ChIP-Seq,40,938829320,PRJNA284539,SAMN03703239,549974121,"ES derived Hemogenic endothelium (Bry.GFP+\, Tie2+/Ckit+/CD41-)",GEO,Fli1 Santa Cruz sc356,public,"fastq,run.zq,sra","ncbi,s3,gs","ncbi.public,s3.us-east-1,gs.US",SRX1035387,GSM1692845,Illumina HiSeq 2000,SINGLE,ChIP,GENOMIC,Mus musculus,ILLUMINA,2016-02-26T00:00:00Z,2015-05-21T11:21:00Z,1,GSM1692845,Hemogenic Endothelium,SRP058578,129
SRR2035227,ChIP-Seq,39,2085690636,PRJNA284539,SAMN03703240,1205392466,"ES derived Hemogenic endothelium (Bry.GFP+\, Tie2+/Ckit+/CD41-)",GEO,Lmo2 R&D systems AF2726,public,"fastq,sra,run.zq","s3,ncbi,gs","gs.US,ncbi.public,s3.us-east-1",SRX1035388,GSM1692846,Illumina HiSeq 2000,SINGLE,ChIP,GENOMIC,Mus musculus,ILLUMINA,2016-02-26T00:00:00Z,2015-05-21T11:41:00Z,1,GSM1692846,Hemogenic Endothelium,SRP058578,129
SRR2035228,ChIP-Seq,40,1159445160,PRJNA284539,SAMN03703241,685103298,"ES derived Hemogenic endothelium (Bry.GFP+\, Tie2+/Ckit+/CD41-)",GEO,Meis1 Santa Cruz sc10599,public,"sra,run.zq,fastq","ncbi,s3,gs","s3.us-east-1,gs.US,ncbi.public",SRX1035389,GSM1692847,Illumina HiSeq 2000,SINGLE,ChIP,GENOMIC,Mus musculus,ILLUMINA,2016-02-26T00:00:00Z,2015-05-21T11:36:00Z,1,GSM1692847,Hemogenic Endothelium,SRP058578,129
SRR2035229,ChIP-Seq,40,1214077160,PRJNA284539,SAMN03703241,698677091,"ES derived Hemogenic endothelium (Bry.GFP+\, Tie2+/Ckit+/CD41-)",GEO,Meis1 Santa Cruz sc10599,public,"sra,fastq,run.zq","ncbi,s3,gs","ncbi.public,gs.US,s3.us-east-1",SRX1035389,GSM1692847,Illumina HiSeq 2000,SINGLE,ChIP,GENOMIC,Mus musculus,ILLUMINA,2016-02-26T00:00:00Z,2015-05-21T11:22:00Z,1,GSM1692847,Hemogenic Endothelium,SRP058578,129
SRR2035230,ChIP-Seq,39,1103657634,PRJNA284539,SAMN03703242,635967176,"ES derived Hemogenic endothelium (Bry.GFP+\, Tie2+/Ckit+/CD41-)",GEO,Tal1 Santa Cruz sc12984,public,"run.zq,sra,fastq","s3,gs,ncbi","ncbi.public,gs.US,s3.us-east-1",SRX1035390,GSM1692848,Illumina HiSeq 2000,SINGLE,ChIP,GENOMIC,Mus musculus,ILLUMINA,2016-02-26T00:00:00Z,2015-05-21T11:23:00Z,1,GSM1692848,Hemogenic Endothelium,SRP058578,129
SRR2035231,ChIP-Seq,36,713031300,PRJNA284539,SAMN03703243,450494335,ES derived Hematopoietic progenitors (CD41+),GEO,Cebpb Santa Cruz sc150,public,"fastq,sra,run.zq","s3,gs,ncbi","s3.us-east-1,gs.US,ncbi.public",SRX1035391,GSM1692849,Illumina HiSeq 2000,SINGLE,ChIP,GENOMIC,Mus musculus,ILLUMINA,2016-02-26T00:00:00Z,2015-05-21T11:35:00Z,1,GSM1692849,Hematopoietic Progenitors,SRP058578,129
SRR2035232,ChIP-Seq,40,714190320,PRJNA284539,SAMN03703243,441024412,ES derived Hematopoietic progenitors (CD41+),GEO,Cebpb Santa Cruz sc150,public,"sra,run.zq,fastq","ncbi,s3,gs","s3.us-east-1,gs.US,ncbi.public",SRX1035391,GSM1692849,Illumina HiSeq 2000,SINGLE,ChIP,GENOMIC,Mus musculus,ILLUMINA,2016-02-26T00:00:00Z,2015-05-21T11:34:00Z,1,GSM1692849,Hematopoietic Progenitors,SRP058578,129
SRR2035233,ChIP-Seq,36,919763280,PRJNA284539,SAMN03703244,472345046,ES derived Hematopoietic progenitors (CD41+),GEO,Fli1 Santa Cruz sc356,public,"sra,run.zq,fastq","ncbi,s3,gs","s3.us-east-1,gs.US,ncbi.public",SRX1035392,GSM1692850,Illumina HiSeq 2000,SINGLE,ChIP,GENOMIC,Mus musculus,ILLUMINA,2016-02-26T00:00:00Z,2015-05-21T11:35:00Z,1,GSM1692850,Hematopoietic Progenitors,SRP058578,129
SRR2035234,ChIP-Seq,40,1265815320,PRJNA284539,SAMN03703244,1147155396,ES derived Hematopoietic progenitors (CD41+),GEO,Fli1 Santa Cruz sc356,public,"run.zq,fastq,sra","s3,gs,ncbi","ncbi.public,gs.US,s3.us-east-1",SRX1035392,GSM1692850,Illumina HiSeq 2000,SINGLE,ChIP,GENOMIC,Mus musculus,ILLUMINA,2016-02-26T00:00:00Z,2015-05-21T11:42:00Z,1,GSM1692850,Hematopoietic Progenitors,SRP058578,129
SRR2035235,ChIP-Seq,50,1844370150,PRJNA284539,SAMN03703244,1019049155,ES derived Hematopoietic progenitors (CD41+),GEO,Fli1 Santa Cruz sc356,public,"sra,fastq,run.zq","gs,s3,ncbi","ncbi.public,gs.US,s3.us-east-1",SRX1035392,GSM1692850,Illumina HiSeq 2000,SINGLE,ChIP,GENOMIC,Mus musculus,ILLUMINA,2016-02-26T00:00:00Z,2015-05-21T11:37:00Z,1,GSM1692850,Hematopoietic Progenitors,SRP058578,129
SRR2035236,ChIP-Seq,36,867004956,PRJNA284539,SAMN03703245,548806450,ES derived Hematopoietic progenitors (CD41+),GEO,Gata1 AbCam ab11963,public,"run.zq,sra,fastq","ncbi,s3,gs","gs.US,s3.us-east-1,ncbi.public",SRX1035393,GSM1692851,Illumina HiSeq 2000,SINGLE,ChIP,GENOMIC,Mus musculus,ILLUMINA,2016-02-26T00:00:00Z,2015-05-21T11:36:00Z,1,GSM1692851,Hematopoietic Progenitors,SRP058578,129
SRR2035237,ChIP-Seq,40,732982480,PRJNA284539,SAMN03703245,448805769,ES derived Hematopoietic progenitors (CD41+),GEO,Gata1 AbCam ab11963,public,"fastq,sra,run.zq","gs,s3,ncbi","s3.us-east-1,gs.US,ncbi.public",SRX1035393,GSM1692851,Illumina HiSeq 2000,SINGLE,ChIP,GENOMIC,Mus musculus,ILLUMINA,2016-02-26T00:00:00Z,2015-05-21T11:34:00Z,1,GSM1692851,Hematopoietic Progenitors,SRP058578,129
SRR2035238,ChIP-Seq,48,1414053278,PRJNA284539,SAMN03703246,845251194,ES derived Hematopoietic progenitors (CD41+),GEO,Gata2 Santa Cruz sc267,public,"run.zq,fastq,sra","s3,gs,ncbi","gs.US,ncbi.public,s3.us-east-1",SRX1035394,GSM1692852,Illumina Genome Analyzer II,SINGLE,ChIP,GENOMIC,Mus musculus,ILLUMINA,2016-02-26T00:00:00Z,2015-05-21T11:37:00Z,1,GSM1692852,Hematopoietic Progenitors,SRP058578,129
SRR2035239,ChIP-Seq,39,1840144301,PRJNA284539,SAMN03703247,1083805975,ES derived Hematopoietic progenitors (CD41+),GEO,Gfi1 AbCam ab21061,public,"fastq,sra,run.zq","s3,gs,ncbi","s3.us-east-1,ncbi.public,gs.US",SRX1035395,GSM1692853,Illumina HiSeq 2000,SINGLE,ChIP,GENOMIC,Mus musculus,ILLUMINA,2016-02-26T00:00:00Z,2015-05-21T11:40:00Z,1,GSM1692853,Hematopoietic Progenitors,SRP058578,129
SRR2035240,ChIP-Seq,39,1213124991,PRJNA284539,SAMN03703248,710306558,ES derived Hematopoietic progenitors (CD41+),GEO,Gfi1b Santa Cruz sc8559,public,"sra,run.zq,fastq","gs,s3,ncbi","ncbi.public,s3.us-east-1,gs.US",SRX1035396,GSM1692854,Illumina HiSeq 2000,SINGLE,ChIP,GENOMIC,Mus musculus,ILLUMINA,2016-02-26T00:00:00Z,2015-05-21T11:38:00Z,1,GSM1692854,Hematopoietic Progenitors,SRP058578,129
SRR2035241,ChIP-Seq,48,1396210977,PRJNA284539,SAMN03703249,817182188,ES derived Hematopoietic progenitors (CD41+),GEO,Lmo2 R&D systems AF2726,public,"run.zq,sra,fastq","ncbi,s3,gs","s3.us-east-1,gs.US,ncbi.public",SRX1035397,GSM1692855,Illumina Genome Analyzer II,SINGLE,ChIP,GENOMIC,Mus musculus,ILLUMINA,2016-02-26T00:00:00Z,2015-05-21T11:36:00Z,1,GSM1692855,Hematopoietic Progenitors,SRP058578,129
SRR2035242,ChIP-Seq,35,839331120,PRJNA284539,SAMN03703250,465719270,ES derived Hematopoietic progenitors (CD41+),GEO,Runx1 AbCam ab23980,public,"sra,fastq,run.zq","s3,ncbi,gs","ncbi.public,gs.US,s3.us-east-1",SRX1035398,GSM1692856,Illumina Genome Analyzer II,SINGLE,ChIP,GENOMIC,Mus musculus,ILLUMINA,2016-02-26T00:00:00Z,2015-05-21T11:32:00Z,1,GSM1692856,Hematopoietic Progenitors,SRP058578,129
SRR2035243,ChIP-Seq,46,1161400299,PRJNA284539,SAMN03703251,802118364,ES derived Hematopoietic progenitors (CD41+),GEO,Spi1 Santa Cruz sc352,public,"sra,run.zq,fastq","s3,ncbi,gs","gs.US,s3.us-east-1,ncbi.public",SRX1035399,GSM1692857,Illumina Genome Analyzer II,SINGLE,ChIP,GENOMIC,Mus musculus,ILLUMINA,2016-02-26T00:00:00Z,2015-05-21T11:34:00Z,1,GSM1692857,Hematopoietic Progenitors,SRP058578,129
SRR2035244,ChIP-Seq,46,1148755672,PRJNA284539,SAMN03703252,781848477,ES derived Hematopoietic progenitors (CD41+),GEO,Tal1 Santa Cruz sc12984,public,"fastq,run.zq,sra","gs,ncbi,s3","s3.us-east-1,gs.US,ncbi.public",SRX1035400,GSM1692858,Illumina Genome Analyzer II,SINGLE,ChIP,GENOMIC,Mus musculus,ILLUMINA,2016-02-26T00:00:00Z,2015-05-21T11:40:00Z,1,GSM1692858,Hematopoietic Progenitors,SRP058578,129
SRR2035245,ChIP-Seq,36,408195972,PRJNA284539,SAMN03703253,240216477,ES derived Macrophages (CD11b+),GEO,Cebpb Santa Cruz sc150,public,"sra,fastq,run.zq","s3,ncbi,gs","gs.US,s3.us-east-1,ncbi.public",SRX1035401,GSM1692859,Illumina HiSeq 2000,SINGLE,ChIP,GENOMIC,Mus musculus,ILLUMINA,2016-02-26T00:00:00Z,2015-05-21T11:31:00Z,1,GSM1692859,Macrophages,SRP058578,129
SRR2035246,ChIP-Seq,40,947176120,PRJNA284539,SAMN03703253,580440484,ES derived Macrophages (CD11b+),GEO,Cebpb Santa Cruz sc150,public,"sra,run.zq,fastq","ncbi,s3,gs","ncbi.public,s3.us-east-1,gs.US",SRX1035401,GSM1692859,Illumina HiSeq 2000,SINGLE,ChIP,GENOMIC,Mus musculus,ILLUMINA,2016-02-26T00:00:00Z,2015-05-21T11:32:00Z,1,GSM1692859,Macrophages,SRP058578,129
SRR2035247,ChIP-Seq,40,795006040,PRJNA284539,SAMN03703254,515110030,ES derived Macrophages (CD11b+),GEO,Fli1 Santa Cruz sc356,public,"sra,fastq,run.zq","gs,s3,ncbi","s3.us-east-1,ncbi.public,gs.US",SRX1035402,GSM1692860,Illumina HiSeq 2000,SINGLE,ChIP,GENOMIC,Mus musculus,ILLUMINA,2016-02-26T00:00:00Z,2015-05-21T11:32:00Z,1,GSM1692860,Macrophages,SRP058578,129
SRR2035248,ChIP-Seq,40,1223905080,PRJNA284539,SAMN03703254,727999259,ES derived Macrophages (CD11b+),GEO,Fli1 Santa Cruz sc356,public,"sra,fastq,run.zq","ncbi,gs,s3","gs.US,s3.us-east-1,ncbi.public",SRX1035402,GSM1692860,Illumina HiSeq 2000,SINGLE,ChIP,GENOMIC,Mus musculus,ILLUMINA,2016-02-26T00:00:00Z,2015-05-21T11:29:00Z,1,GSM1692860,Macrophages,SRP058578,129
SRR2035249,ChIP-Seq,40,1331012400,PRJNA284539,SAMN03703254,763386091,ES derived Macrophages (CD11b+),GEO,Fli1 Santa Cruz sc356,public,"fastq,sra,run.zq","s3,ncbi,gs","gs.US,s3.us-east-1,ncbi.public",SRX1035402,GSM1692860,Illumina HiSeq 2000,SINGLE,ChIP,GENOMIC,Mus musculus,ILLUMINA,2016-02-26T00:00:00Z,2015-05-21T11:34:00Z,1,GSM1692860,Macrophages,SRP058578,129
SRR2035250,ChIP-Seq,40,1379048800,PRJNA284539,SAMN03703255,856901838,ES derived Macrophages (CD11b+),GEO,Lmo2 R&D systems AF2726,public,"fastq,run.zq,sra","ncbi,gs,s3","s3.us-east-1,gs.US,ncbi.public",SRX1035403,GSM1692861,Illumina HiSeq 2000,SINGLE,ChIP,GENOMIC,Mus musculus,ILLUMINA,2016-02-26T00:00:00Z,2015-05-21T11:33:00Z,1,GSM1692861,Macrophages,SRP058578,129
SRR2035251,ChIP-Seq,40,947281120,PRJNA284539,SAMN03703255,561983551,ES derived Macrophages (CD11b+),GEO,Lmo2 R&D systems AF2726,public,"sra,fastq,run.zq","gs,ncbi,s3","s3.us-east-1,ncbi.public,gs.US",SRX1035403,GSM1692861,Illumina HiSeq 2000,SINGLE,ChIP,GENOMIC,Mus musculus,ILLUMINA,2016-02-26T00:00:00Z,2015-05-21T11:32:00Z,1,GSM1692861,Macrophages,SRP058578,129
SRR2035252,ChIP-Seq,40,1028013640,PRJNA284539,SAMN03703255,591770040,ES derived Macrophages (CD11b+),GEO,Lmo2 R&D systems AF2726,public,"run.zq,fastq,sra","ncbi,gs,s3","gs.US,s3.us-east-1,ncbi.public",SRX1035403,GSM1692861,Illumina HiSeq 2000,SINGLE,ChIP,GENOMIC,Mus musculus,ILLUMINA,2016-02-26T00:00:00Z,2015-05-21T11:32:00Z,1,GSM1692861,Macrophages,SRP058578,129
SRR2035253,ChIP-Seq,40,1437720400,PRJNA284539,SAMN03703256,881954740,ES derived Macrophages (CD11b+),GEO,Runx1 AbCam ab23980,public,"sra,run.zq,fastq","s3,ncbi,gs","s3.us-east-1,gs.US,ncbi.public",SRX1035404,GSM1692862,Illumina HiSeq 2000,SINGLE,ChIP,GENOMIC,Mus musculus,ILLUMINA,2016-02-26T00:00:00Z,2015-05-21T11:34:00Z,1,GSM1692862,Macrophages,SRP058578,129
SRR2035254,ChIP-Seq,40,1182209000,PRJNA284539,SAMN03703256,701781724,ES derived Macrophages (CD11b+),GEO,Runx1 AbCam ab23980,public,"fastq,run.zq,sra","ncbi,s3,gs","s3.us-east-1,gs.US,ncbi.public",SRX1035404,GSM1692862,Illumina HiSeq 2000,SINGLE,ChIP,GENOMIC,Mus musculus,ILLUMINA,2016-02-26T00:00:00Z,2015-05-21T11:32:00Z,1,GSM1692862,Macrophages,SRP058578,129
SRR2035255,ChIP-Seq,35,998162500,PRJNA284539,SAMN03703257,553921089,ES derived Macrophages (CD11b+),GEO,Spi1 Santa Cruz sc352,public,"fastq,sra,run.zq","ncbi,s3,gs","gs.US,ncbi.public,s3.us-east-1",SRX1035405,GSM1692863,Illumina Genome Analyzer II,SINGLE,ChIP,GENOMIC,Mus musculus,ILLUMINA,2016-02-26T00:00:00Z,2015-05-21T11:33:00Z,1,GSM1692863,Macrophages,SRP058578,129
SRR2035256,ChIP-Seq,40,1295589480,PRJNA284539,SAMN03703258,803799625,ES derived Macrophages (CD11b+),GEO,Tal1 Santa Cruz sc12984,public,"fastq,sra,run.zq","s3,ncbi,gs","s3.us-east-1,ncbi.public,gs.US",SRX1035406,GSM1692864,Illumina HiSeq 2000,SINGLE,ChIP,GENOMIC,Mus musculus,ILLUMINA,2016-02-26T00:00:00Z,2015-05-21T11:33:00Z,1,GSM1692864,Macrophages,SRP058578,129
SRR2035257,ChIP-Seq,40,1166097880,PRJNA284539,SAMN03703258,695635903,ES derived Macrophages (CD11b+),GEO,Tal1 Santa Cruz sc12984,public,"run.zq,sra,fastq","ncbi,s3,gs","s3.us-east-1,gs.US,ncbi.public",SRX1035406,GSM1692864,Illumina HiSeq 2000,SINGLE,ChIP,GENOMIC,Mus musculus,ILLUMINA,2016-02-26T00:00:00Z,2015-05-21T11:36:00Z,1,GSM1692864,Macrophages,SRP058578,129
SRR2035258,ChIP-Seq,40,1007001600,PRJNA284539,SAMN03703259,685859894,"ES derived mesoderm (Bry.GFP+\, FLK1-)",GEO,Cebpb Santa Cruz sc150,public,"sra,run.zq,fastq","gs,ncbi,s3","gs.US,ncbi.public,s3.us-east-1",SRX1035407,GSM1692865,Illumina HiSeq 2000,SINGLE,ChIP,GENOMIC,Mus musculus,ILLUMINA,2016-02-26T00:00:00Z,2015-05-21T11:35:00Z,1,GSM1692865,Mesoderm,SRP058578,129
SRR2035259,ChIP-Seq,40,780482760,PRJNA284539,SAMN03703259,473007300,"ES derived mesoderm (Bry.GFP+\, FLK1-)",GEO,Cebpb Santa Cruz sc150,public,"fastq,run.zq,sra","ncbi,s3,gs","ncbi.public,gs.US,s3.us-east-1",SRX1035407,GSM1692865,Illumina HiSeq 2000,SINGLE,ChIP,GENOMIC,Mus musculus,ILLUMINA,2016-02-26T00:00:00Z,2015-05-21T11:31:00Z,1,GSM1692865,Mesoderm,SRP058578,129
SRR2035260,ChIP-Seq,40,795808920,PRJNA284539,SAMN03703259,460046510,"ES derived mesoderm (Bry.GFP+\, FLK1-)",GEO,Cebpb Santa Cruz sc150,public,"fastq,run.zq,sra","s3,gs,ncbi","ncbi.public,s3.us-east-1,gs.US",SRX1035407,GSM1692865,Illumina HiSeq 2000,SINGLE,ChIP,GENOMIC,Mus musculus,ILLUMINA,2016-02-26T00:00:00Z,2015-05-21T11:30:00Z,1,GSM1692865,Mesoderm,SRP058578,129
SRR2035261,ChIP-Seq,40,1833882200,PRJNA284539,SAMN03703260,1103985791,"ES derived mesoderm (Bry.GFP+\, FLK1-)",GEO,Elk4 Santa Cruz sc13030,public,"fastq,run.zq,sra","s3,ncbi,gs","ncbi.public,s3.us-east-1,gs.US",SRX1035408,GSM1692866,Illumina HiSeq 2000,SINGLE,ChIP,GENOMIC,Mus musculus,ILLUMINA,2016-02-26T00:00:00Z,2015-05-21T11:34:00Z,1,GSM1692866,Mesoderm,SRP058578,129
SRR2035262,ChIP-Seq,39,1124087216,PRJNA284539,SAMN03703261,649914443,"ES derived mesoderm (Bry.GFP+\, FLK1-)",GEO,Pou5F1 Santa Cruz sc8628,public,"run.zq,sra,fastq","ncbi,s3,gs","ncbi.public,s3.us-east-1,gs.US",SRX1035409,GSM1692867,Illumina HiSeq 2000,SINGLE,ChIP,GENOMIC,Mus musculus,ILLUMINA,2016-02-26T00:00:00Z,2015-05-21T11:34:00Z,1,GSM1692867,Mesoderm,SRP058578,129
SRR2983173,ChIP-Seq,50,1438070700,PRJNA284539,SAMN04327394,809303318,ES derived Hemangioblasts (FLK1+),GEO,Abcam ab58310,public,"run.zq,sra,fastq","gs,ncbi,s3","ncbi.public,gs.US,s3.us-east-1",SRX1472461,GSM1968747,Illumina HiSeq 2500,SINGLE,ChIP,GENOMIC,Mus musculus,ILLUMINA,2016-02-26T00:00:00Z,2015-12-09T13:39:00Z,1,GSM1968747,Hemangioblast,SRP058578,129